{
  "project_info": {
    "project_number": "262403795738",
    "firebase_url": "https://androidhive-751bd.firebaseio.com",
    "project_id": "androidhive-751bd",
    "storage_bucket": "androidhive-751bd.appspot.com"
  },
  "client": [
    {
      "client_info": {
        "mobilesdk_app_id": "1:262403795738:android:d842af33038fad5c",
        "android_client_info": {
          "package_name": "info.androidhive.firebase"
        }
      },
      "oauth_client": [
        {
          "client_id": "262403795738-pl7bclp2pimkglru66gpng3k8h4abiag.apps.googleusercontent.com",
          "client_type": 3
        }
      ],
      "api_key": [
        {
          "current_key": "AIzaSyBVYzSR4_d1zdoif2G67P9jIVnAs3Nbvns"
        }
      ],
      "services": {
        "analytics_service": {
          "status": 1
        },
        "appinvite_service": {
          "status": 1,
          "other_platform_oauth_client": []
        },
        "ads_service": {
          "status": 2
        }
      }
    },
    {
      "client_info": {
        "mobilesdk_app_id": "1:262403795738:android:a3263bdcd40564da",
        "android_client_info": {
          "package_name": "info.androidhive.navigationdrawer.activity"
        }
      },
      "oauth_client": [
        {
          "client_id": "262403795738-pl7bclp2pimkglru66gpng3k8h4abiag.apps.googleusercontent.com",
          "client_type": 3
        }
      ],
      "api_key": [
        {
          "current_key": "AIzaSyBVYzSR4_d1zdoif2G67P9jIVnAs3Nbvns"
        }
      ],
      "services": {
        "analytics_service": {
          "status": 1
        },
        "appinvite_service": {
          "status": 1,
          "other_platform_oauth_client": []
        },
        "ads_service": {
          "status": 2
        }
      }
    },
    {
      "client_info": {
        "mobilesdk_app_id": "1:262403795738:android:8c34048992f57635",
        "android_client_info": {
          "package_name": "info.androidhive.navigationdrawer"
        }
      },
      "oauth_client": [
        {
          "client_id": "262403795738-pl7bclp2pimkglru66gpng3k8h4abiag.apps.googleusercontent.com",
          "client_type": 3
        }
      ],
      "api_key": [
        {
          "current_key": "AIzaSyBVYzSR4_d1zdoif2G67P9jIVnAs3Nbvns"
        }
      ],
      "services": {
        "analytics_service": {
          "status": 1
        },
        "appinvite_service": {
          "status": 1,
          "other_platform_oauth_client": []
        },
        "ads_service": {
          "status": 2
        }
      }
    },
    {
      "client_info": {
        "mobilesdk_app_id": "1:262403795738:android:1a347d1a9e5414bd",
        "android_client_info": {
          "package_name": "info.androidhive.slidingmenu"
        }
      },
      "oauth_client": [
        {
          "client_id": "262403795738-pl7bclp2pimkglru66gpng3k8h4abiag.apps.googleusercontent.com",
          "client_type": 3
        }
      ],
      "api_key": [
        {
          "current_key": "AIzaSyBVYzSR4_d1zdoif2G67P9jIVnAs3Nbvns"
        }
      ],
      "services": {
        "analytics_service": {
          "status": 1
        },
        "appinvite_service": {
          "status": 1,
          "other_platform_oauth_client": []
        },
        "ads_service": {
          "status": 2
        }
      }
    }
  ],
  "configuration_version": "1"
}