{
  "project_info": {
    "project_number": "847349545895",
    "firebase_url": "https://nutrition-64795.firebaseio.com",
    "project_id": "nutrition-64795",
    "storage_bucket": "nutrition-64795.appspot.com"
  },
  "client": [
    {
      "client_info": {
        "mobilesdk_app_id": "1:847349545895:android:9d19fe08a14d60e2",
        "android_client_info": {
          "package_name": "edu.nutri.breast_feeding_101"
        }
      },
      "oauth_client": [
        {
          "client_id": "847349545895-86uhjg3vt6dlag6opiodjk05bsgmbtec.apps.googleusercontent.com",
          "client_type": 3
        }
      ],
      "api_key": [
        {
          "current_key": "AIzaSyDaWmXkl1snDo1bvjMEUGIj9s587rC9vpI"
        }
      ],
      "services": {
        "analytics_service": {
          "status": 1
        },
        "appinvite_service": {
          "status": 1,
          "other_platform_oauth_client": []
        },
        "ads_service": {
          "status": 2
        }
      }
    }
  ],
  "configuration_version": "1"
}